City_ID,City,Country,Date,Lat,Lng,Max Temp,Humidity,Cloudiness,Wind Speed
0,Barrow,US,2021-09-07 19:31:26,71.2906,-156.7887,39.22,87,90,17.27
1,Mar Del Plata,AR,2021-09-07 19:27:42,-38.0023,-57.5575,53.62,94,75,20.71
2,Hasaki,JP,2021-09-07 19:31:26,35.7333,140.8333,61.2,62,100,5.48
3,Nurota,UZ,2021-09-07 19:31:26,40.5614,65.6886,75.29,19,0,7.4
4,Vila Velha,BR,2021-09-07 19:31:27,-20.3297,-40.2925,75.15,83,75,10.36
5,Hermanus,ZA,2021-09-07 19:31:27,-34.4187,19.2345,53.91,80,1,7.36
6,Jinka,ET,2021-09-07 19:31:27,5.65,36.65,67.71,70,80,3.36
7,Punta Arenas,CL,2021-09-07 19:28:49,-53.15,-70.9167,55.51,38,0,9.22
8,Springville,US,2021-09-07 19:31:28,40.1652,-111.6107,94.57,25,1,5.75
9,Rikitea,PF,2021-09-07 19:28:33,-23.1203,-134.9692,72.7,78,18,11.41
10,Hilo,US,2021-09-07 19:28:53,19.7297,-155.09,82.27,73,1,5.75
11,Busselton,AU,2021-09-07 19:31:28,-33.65,115.3333,59.09,84,36,10.85
12,Eastbourne,GB,2021-09-07 19:31:28,50.7687,0.2845,73.31,69,20,1.01
13,Ribeira Grande,PT,2021-09-07 19:29:20,38.5167,-28.7,72.0,78,75,6.91
14,Bardiyah,LY,2021-09-07 19:31:29,31.7561,25.0865,78.19,72,2,14.09
15,Chokurdakh,RU,2021-09-07 19:31:29,70.6333,147.9167,31.23,92,100,18.79
16,Mount Isa,AU,2021-09-07 19:30:33,-20.7333,139.5,64.17,16,0,12.66
17,Palmer,US,2021-09-07 19:31:30,42.1584,-72.3287,80.15,50,40,1.01
18,Tuktoyaktuk,CA,2021-09-07 19:31:30,69.4541,-133.0374,53.6,62,40,10.36
19,Whitehorse,CA,2021-09-07 19:31:30,60.7161,-135.0538,54.1,93,75,5.75
20,Ushuaia,AR,2021-09-07 19:31:30,-54.8,-68.3,56.86,35,0,19.57
21,Khatanga,RU,2021-09-07 19:29:14,71.9667,102.5,52.75,73,100,6.08
22,Lebu,CL,2021-09-07 19:31:31,-37.6167,-73.65,52.47,71,15,6.35
23,New Norfolk,AU,2021-09-07 19:28:44,-42.7826,147.0587,49.91,71,85,4.0
24,Mananara,MG,2021-09-07 19:31:31,-16.1667,49.7667,64.85,92,13,4.72
25,Albany,US,2021-09-07 19:31:16,42.6001,-73.9662,78.15,56,9,4.94
26,Iglesias,IT,2021-09-07 19:31:31,39.3114,8.535,74.93,79,100,1.52
27,Narsaq,GL,2021-09-07 19:31:32,60.9167,-46.05,52.02,44,13,2.73
28,Port Alfred,ZA,2021-09-07 19:31:32,-33.5906,26.891,57.43,62,3,11.95
29,Pokhara,NP,2021-09-07 19:31:32,28.2333,83.9833,71.1,91,100,1.97
30,Puerto Ayora,EC,2021-09-07 19:31:33,-0.7393,-90.3518,80.56,79,57,8.01
31,Nikolskoye,RU,2021-09-07 19:31:33,59.7035,30.7861,57.02,81,86,6.26
32,Castro,BR,2021-09-07 19:28:13,-24.7911,-50.0119,80.35,41,79,7.4
33,Garmsar,IR,2021-09-07 19:31:34,35.2182,52.3409,80.08,41,0,10.87
34,Vaini,TO,2021-09-07 19:31:34,-21.2,-175.2,73.56,100,20,5.75
35,Bluff,NZ,2021-09-07 19:28:28,-46.6,168.3333,39.79,65,100,32.64
36,Hobart,AU,2021-09-07 19:31:34,-42.8794,147.3294,50.25,67,40,5.99
37,Qaanaaq,GL,2021-09-07 19:29:20,77.484,-69.3632,21.9,64,98,6.85
38,Leh,IN,2021-09-07 19:31:34,34.1667,77.5833,63.18,35,61,4.88
39,Aripuana,BR,2021-09-07 19:31:35,-9.1667,-60.6333,95.18,34,94,1.43
40,Eureka,US,2021-09-07 19:31:25,40.8021,-124.1637,86.67,64,57,6.33
41,Nemuro,JP,2021-09-07 19:31:35,43.3236,145.575,59.23,68,100,9.06
42,Sur,OM,2021-09-07 19:28:35,22.5667,59.5289,84.02,65,19,10.76
43,San Lorenzo,PY,2021-09-07 19:31:35,-25.3333,-57.5333,103.14,22,40,19.57
44,Saint-Philippe,RE,2021-09-07 19:31:36,-21.3585,55.7679,69.39,80,46,13.56
45,Bone,DE,2021-09-07 19:31:36,51.9669,12.1396,63.27,68,89,3.33
46,Bethel,US,2021-09-07 19:29:35,41.3712,-73.414,80.82,58,1,3.0
47,Acajutla,SV,2021-09-07 19:31:36,13.5928,-89.8275,95.34,79,100,6.26
48,Gunjur,GM,2021-09-07 19:31:37,13.2019,-16.7339,77.07,88,40,11.5
49,Vestmannaeyjar,IS,2021-09-07 19:31:37,63.4427,-20.2734,51.84,79,9,8.97
50,Norman Wells,CA,2021-09-07 19:31:37,65.282,-126.8329,50.04,76,75,3.44
51,Lokosovo,RU,2021-09-07 19:31:37,61.1333,74.8167,39.88,97,16,4.81
52,Mantua,IT,2021-09-07 19:30:33,45.1667,10.7833,77.32,59,100,1.01
53,Georgetown,MY,2021-09-07 19:29:38,5.4112,100.3354,82.89,82,20,0.0
54,Westport,US,2021-09-07 19:30:05,41.1415,-73.3579,83.05,54,1,1.01
55,Sitka,US,2021-09-07 19:31:38,57.0531,-135.33,62.49,59,75,4.61
56,General Roca,AR,2021-09-07 19:31:38,-39.0333,-67.5833,63.0,40,100,14.88
57,Avarua,CK,2021-09-07 19:29:45,-21.2078,-159.775,75.25,88,75,11.5
58,Cidreira,BR,2021-09-07 19:28:30,-30.1811,-50.2056,60.8,95,100,27.02
59,Whyalla,AU,2021-09-07 19:31:38,-33.0333,137.5833,40.89,100,0,5.75
60,Zyryanka,RU,2021-09-07 19:31:39,65.75,150.85,32.61,82,99,19.71
61,Yar-Sale,RU,2021-09-07 19:31:39,66.8333,70.8333,38.53,82,36,9.73
62,Mayo,US,2021-09-07 19:31:40,38.8876,-76.5119,89.82,51,0,3.0
63,Borogontsy,RU,2021-09-07 19:31:40,62.6683,131.1683,42.06,73,11,2.17
64,Luis Correia,BR,2021-09-07 19:31:40,-2.8792,-41.6669,84.2,70,20,16.11
65,Komsomolskiy,UZ,2021-09-07 19:31:41,40.4272,71.7189,74.62,40,0,6.91
66,Rio Grande,BR,2021-09-07 19:31:41,-32.035,-52.0986,62.71,95,100,22.88
67,Kijang,KR,2021-09-07 19:31:41,35.2442,129.2139,73.13,91,80,5.26
68,Okhotsk,RU,2021-09-07 19:31:41,59.3833,143.3,54.09,61,3,9.48
69,Atuona,PF,2021-09-07 19:29:32,-9.8,-139.0333,78.17,77,36,17.16
70,Vanimo,PG,2021-09-07 19:31:42,-2.6741,141.3028,75.51,89,79,5.84
71,Howard Springs,AU,2021-09-07 19:31:42,-12.497,131.047,76.91,58,16,8.86
72,Moree,AU,2021-09-07 19:31:42,-29.4667,149.85,41.02,87,0,4.61
73,Dingle,PH,2021-09-07 19:31:43,10.9995,122.6711,74.8,95,100,6.44
74,Clyde River,CA,2021-09-07 19:31:44,70.4692,-68.5914,34.09,62,100,5.77
75,South Venice,US,2021-09-07 19:31:44,27.0531,-82.4243,91.98,69,1,8.05
76,Bolitoc,PH,2021-09-07 19:31:44,15.7395,119.8769,79.25,85,99,3.96
77,Gari,RU,2021-09-07 19:31:45,59.4307,62.3497,35.53,83,9,6.49
78,Kodiak,US,2021-09-07 19:31:16,57.79,-152.4072,53.11,82,90,3.44
79,Cape Town,ZA,2021-09-07 19:31:32,-33.9258,18.4232,55.81,84,0,1.99
80,Ranong,TH,2021-09-07 19:31:45,9.9658,98.6348,78.08,86,100,6.33
81,Hirado,JP,2021-09-07 19:28:27,33.3597,129.5531,76.77,85,100,14.14
82,Bubaque,GW,2021-09-07 19:31:45,11.2833,-15.8333,81.55,78,100,5.79
83,Jamestown,US,2021-09-07 19:28:20,42.097,-79.2353,81.01,51,20,7.0
84,Basco,PH,2021-09-07 19:31:34,20.4487,121.9702,83.89,76,17,16.31
85,Praia Da Vitoria,PT,2021-09-07 19:31:46,38.7333,-27.0667,73.65,73,75,8.68
86,Dikson,RU,2021-09-07 19:31:46,73.5069,80.5464,43.14,80,100,20.6
87,Conceicao Do Araguaia,BR,2021-09-07 19:31:46,-8.2578,-49.2647,93.33,43,0,9.22
88,Vao,NC,2021-09-07 19:31:47,-22.6667,167.4833,68.13,60,29,22.35
89,Port Lincoln,AU,2021-09-07 19:30:18,-34.7333,135.8667,52.29,79,0,9.57
90,Yerbogachen,RU,2021-09-07 19:31:47,61.2767,108.0108,43.68,98,100,2.73
91,Borovoy,RU,2021-09-07 19:31:47,55.4333,86.0833,54.68,71,0,4.47
92,Kawalu,ID,2021-09-07 19:31:48,-7.3817,108.2082,70.84,95,91,1.43
93,Fort Nelson,CA,2021-09-07 19:30:18,58.8053,-122.7002,60.39,51,75,4.61
94,Ambunti,PG,2021-09-07 19:31:48,-4.2365,142.8448,72.09,99,98,1.1
95,Margate,GB,2021-09-07 19:31:48,51.3813,1.3862,67.17,76,11,11.95
96,Bredasdorp,ZA,2021-09-07 19:28:47,-34.5322,20.0403,49.32,87,3,3.44
97,Karema,TZ,2021-09-07 19:31:49,-6.8205,30.4389,78.84,50,60,3.09
98,Laguna,US,2021-09-07 19:31:49,38.421,-121.4238,106.25,22,1,5.75
99,Butaritari,KI,2021-09-07 19:31:49,3.0707,172.7902,84.25,70,98,16.2
100,Yellowknife,CA,2021-09-07 19:28:25,62.456,-114.3525,55.92,88,75,14.97
101,Puerto Leguizamo,CO,2021-09-07 19:31:49,-0.1934,-74.7819,76.44,91,89,2.68
102,Lompoc,US,2021-09-07 19:31:50,34.6391,-120.4579,89.78,73,1,12.66
103,Bengkulu,ID,2021-09-07 19:31:50,-3.8004,102.2655,74.46,90,81,3.49
104,Mehamn,NO,2021-09-07 19:31:50,71.0357,27.8492,41.18,80,65,5.46
105,Uaua,BR,2021-09-07 19:31:50,-9.8414,-39.4817,90.88,23,2,16.33
106,Carnarvon,AU,2021-09-07 19:31:51,-24.8667,113.6333,51.87,87,4,6.91
107,Auki,SB,2021-09-07 19:31:51,-8.7676,160.7034,76.41,87,75,7.49
108,Te Anau,NZ,2021-09-07 19:31:51,-45.4167,167.7167,31.39,89,45,3.11
109,Bathsheba,BB,2021-09-07 19:31:52,13.2167,-59.5167,88.41,70,20,10.36
110,Hualmay,PE,2021-09-07 19:31:52,-11.0964,-77.6139,65.59,78,92,12.8
111,Lesnoy,RU,2021-09-07 19:31:52,57.6198,63.0784,37.17,79,11,5.66
112,Alice Springs,AU,2021-09-07 19:31:53,-23.7,133.8833,44.15,61,0,0.0
113,Thompson,CA,2021-09-07 19:30:18,55.7435,-97.8558,60.96,88,75,6.91
114,East London,ZA,2021-09-07 19:31:53,-33.0153,27.9116,57.96,62,1,8.75
115,Vardo,NO,2021-09-07 19:31:53,70.3705,31.1107,37.6,86,40,4.61
116,Nome,US,2021-09-07 19:29:52,64.5011,-165.4064,50.07,87,90,14.97
117,Marsh Harbour,BS,2021-09-07 19:31:53,26.5412,-77.0636,84.02,66,42,2.24
118,Leningradskiy,RU,2021-09-07 19:31:54,69.3833,178.4167,31.17,88,99,5.68
119,Saskylakh,RU,2021-09-07 19:31:54,71.9167,114.0833,37.87,80,58,8.88
120,Bilibino,RU,2021-09-07 19:31:54,68.0546,166.4372,27.77,95,100,5.73
121,Houston,US,2021-09-07 19:28:16,29.7633,-95.3633,95.25,43,1,3.0
122,Iqaluit,CA,2021-09-07 19:27:57,63.7506,-68.5145,51.53,50,20,4.61
123,Linkoping,SE,2021-09-07 19:31:55,58.4109,15.6216,62.58,82,36,8.05
124,Arraial Do Cabo,BR,2021-09-07 19:31:55,-22.9661,-42.0278,73.36,78,75,14.97
125,Grand-Santi,GF,2021-09-07 19:31:55,4.25,-54.3833,86.92,60,83,4.07
126,Victoria,HK,2021-09-07 19:31:55,22.2855,114.1577,85.32,84,14,1.99
127,Montrose,US,2021-09-07 19:31:43,38.4166,-108.2673,77.34,9,0,8.5
128,Kikwit,CD,2021-09-07 19:31:56,-5.041,18.8162,83.25,48,95,4.43
129,Luderitz,NA,2021-09-07 19:29:01,-26.6481,15.1594,62.29,45,0,14.16
130,Skelleftea,SE,2021-09-07 19:31:56,64.7507,20.9528,60.01,62,20,1.99
131,Port Macquarie,AU,2021-09-07 19:31:31,-31.4333,152.9167,46.36,70,96,5.93
132,Port Hardy,CA,2021-09-07 19:30:18,50.6996,-127.4199,62.6,82,75,3.44
133,Brae,GB,2021-09-07 19:31:57,60.3964,-1.353,57.11,95,100,16.13
134,College,US,2021-09-07 19:28:40,64.8569,-147.8028,50.58,78,75,4.61
135,Touros,BR,2021-09-07 19:31:57,-5.1989,-35.4608,85.1,68,35,15.32
136,Knyaze-Volkonskoye,RU,2021-09-07 19:31:58,48.4642,135.4567,61.14,79,100,3.56
137,Saint George,US,2021-09-07 19:31:58,37.1041,-113.5841,104.47,16,1,1.99
138,Sao Joao Da Barra,BR,2021-09-07 19:31:58,-21.6403,-41.0511,75.29,76,16,12.59
139,Mago,RU,2021-09-07 19:31:59,53.2514,140.1822,52.11,92,100,1.66
140,Cambuci,BR,2021-09-07 19:31:59,-21.5753,-41.9111,74.64,62,30,9.44
141,Hofn,IS,2021-09-07 19:31:59,64.2539,-15.2082,49.75,86,83,13.4
142,Langsa,ID,2021-09-07 19:32:00,4.4683,97.9683,74.48,92,97,2.51
143,Mackay,AU,2021-09-07 19:32:00,-21.15,149.2,59.04,88,40,8.05
144,Saldanha,ZA,2021-09-07 19:32:00,-33.0117,17.9442,48.25,71,2,12.21
145,Camacupa,AO,2021-09-07 19:32:01,-12.0167,17.4833,80.38,24,98,1.57
146,Guozhen,CN,2021-09-07 19:32:01,34.3659,107.359,65.3,77,0,2.48
147,Portland,US,2021-09-07 19:30:40,45.5234,-122.6762,86.5,46,75,1.99
148,Nioro,GM,2021-09-07 19:32:01,13.35,-15.75,75.9,89,100,4.21
149,Ponta Delgada,PT,2021-09-07 19:32:02,37.7333,-25.6667,72.32,73,75,8.05
150,Nsunga,TZ,2021-09-07 19:32:02,-1.1439,31.3947,69.13,73,70,2.42
151,Rawson,AR,2021-09-07 19:32:02,-43.3002,-65.1023,53.42,78,84,10.69
152,Souillac,MU,2021-09-07 19:32:03,-20.5167,57.5167,70.36,73,40,14.97
153,Tura,IN,2021-09-07 19:28:55,25.5198,90.2201,72.77,96,30,3.51
154,Sao Filipe,CV,2021-09-07 19:32:03,14.8961,-24.4956,79.02,86,99,7.16
155,Mahebourg,MU,2021-09-07 19:32:03,-20.4081,57.7,70.25,73,40,14.97
156,Morgan City,US,2021-09-07 19:32:04,29.6994,-91.2068,90.0,70,90,4.61
157,Aklavik,CA,2021-09-07 19:32:04,68.2191,-135.0107,54.43,55,46,2.46
158,Port Moresby,PG,2021-09-07 19:32:04,-9.4431,147.1797,76.42,78,75,17.27
159,Codrington,AU,2021-09-07 19:32:05,-38.2667,141.9667,41.86,96,16,9.57
160,Port Elizabeth,ZA,2021-09-07 19:32:05,-33.918,25.5701,59.29,67,40,11.5
161,Kahului,US,2021-09-07 19:30:20,20.8947,-156.47,84.22,58,20,18.41
162,Longyearbyen,SJ,2021-09-07 19:32:05,78.2186,15.6401,37.24,52,0,3.44
163,Qasigiannguit,GL,2021-09-07 19:32:05,68.8193,-51.1922,35.85,78,100,5.5
164,Tasiilaq,GL,2021-09-07 19:32:06,65.6145,-37.6368,42.96,68,1,6.31
165,Atikokan,CA,2021-09-07 19:32:06,48.7555,-91.6216,57.24,83,100,13.87
166,Tongzi,CN,2021-09-07 19:32:06,28.7829,105.0877,69.4,86,72,0.6
167,Guerrero Negro,MX,2021-09-07 19:32:07,27.9769,-114.0611,80.73,58,38,16.04
168,Parsons,US,2021-09-07 19:32:07,37.3403,-95.2611,94.98,35,11,14.92
169,Kuruman,ZA,2021-09-07 19:32:07,-27.4524,23.4325,54.0,26,0,12.33
170,Chuncheng,CN,2021-09-07 19:32:08,22.1731,111.7886,76.26,93,49,1.41
171,Mataura,NZ,2021-09-07 19:32:08,-46.1927,168.8643,41.49,92,99,11.34
172,Prieska,ZA,2021-09-07 19:32:09,-29.6641,22.7474,52.52,41,0,10.78
173,Kavieng,PG,2021-09-07 19:30:53,-2.5744,150.7967,80.04,77,73,4.92
174,Broken Hill,AU,2021-09-07 19:32:09,-31.95,141.4333,46.11,76,0,6.91
175,Broome,US,2021-09-07 19:32:09,42.2506,-75.833,78.19,59,0,1.99
176,Paamiut,GL,2021-09-07 19:32:10,61.994,-49.6678,45.32,66,100,7.87
177,Batticaloa,LK,2021-09-07 19:32:10,7.7102,81.6924,80.19,71,63,6.06
178,West Bay,KY,2021-09-07 19:32:10,19.3667,-81.4167,91.47,75,20,1.99
179,Fortuna,US,2021-09-07 19:32:11,40.5982,-124.1573,93.18,45,64,7.34
180,Cockburn Town,TC,2021-09-07 19:32:11,21.4612,-71.1419,83.03,71,3,11.74
181,Pisco,PE,2021-09-07 19:32:11,-13.7,-76.2167,71.65,60,90,31.07
182,Beloha,MG,2021-09-07 19:32:11,-25.1667,45.05,67.55,70,10,4.12
183,Udomlya,RU,2021-09-07 19:32:12,57.8794,34.9925,49.8,96,100,7.38
184,Port Shepstone,ZA,2021-09-07 19:32:12,-30.7414,30.455,58.6,79,100,4.41
185,Kaitangata,NZ,2021-09-07 19:32:12,-46.2817,169.8464,38.77,81,89,15.19
186,Namibe,AO,2021-09-07 19:30:05,-15.1961,12.1522,66.6,86,97,6.15
187,Tigre,AR,2021-09-07 19:32:13,-34.426,-58.5796,60.3,93,90,13.8
188,Marawi,PH,2021-09-07 19:32:13,7.9986,124.2928,65.64,94,100,4.36
189,Oktyabrskiy,RU,2021-09-07 19:32:13,54.4815,53.471,40.59,84,13,5.79
190,Kamaishi,JP,2021-09-07 19:32:13,39.2667,141.8833,62.13,80,100,7.29
191,Baruun-Urt,MN,2021-09-07 19:32:14,46.6806,113.2792,41.74,84,100,10.18
192,Arlit,NE,2021-09-07 19:32:14,18.7369,7.3853,96.33,22,63,13.31
193,Dali,CN,2021-09-07 19:32:14,25.7,100.1833,60.04,91,48,2.21
194,Soyo,AO,2021-09-07 19:32:15,-6.1349,12.3689,74.28,87,54,10.31
195,Dourbali,TD,2021-09-07 19:32:15,11.8091,15.8632,78.93,74,81,4.14
196,Khorramabad,IR,2021-09-07 19:32:15,33.4878,48.3558,78.6,13,0,3.67
197,Yuanping,CN,2021-09-07 19:32:15,38.7153,112.7575,57.27,64,0,0.67
198,Adrar,MR,2021-09-07 19:32:16,20.5022,-10.0711,97.79,16,7,8.75
199,Nouakchott,MR,2021-09-07 19:32:16,18.0858,-15.9785,84.13,76,53,11.74
200,Luangwa,ZM,2021-09-07 19:32:16,-15.6167,30.4167,74.95,38,0,2.95
201,Mansa,IN,2021-09-07 19:32:17,29.9833,75.3833,80.22,81,92,7.54
202,Betsiamites,CA,2021-09-07 19:32:17,48.9413,-68.646,70.2,76,64,11.14
203,La Macarena,CO,2021-09-07 19:32:17,2.1837,-73.7849,76.19,95,87,3.91
204,Hami,CN,2021-09-07 19:32:18,42.8,93.45,76.01,20,0,9.57
205,Troitsko-Pechorsk,RU,2021-09-07 19:32:18,62.7084,56.1964,40.21,98,100,6.02
206,Saint-Georges,GD,2021-09-07 19:27:21,12.0564,-61.7485,87.48,74,20,17.27
207,Vila,PT,2021-09-07 19:32:18,42.0304,-8.1588,60.33,87,59,4.94
208,Santa Isabel Do Rio Negro,BR,2021-09-07 19:32:18,-0.4139,-65.0192,79.59,93,100,4.45
209,Cherskiy,RU,2021-09-07 19:32:19,68.75,161.3,31.14,96,100,11.48
210,Timbiqui,CO,2021-09-07 19:32:19,2.7717,-77.6654,80.92,81,68,7.78
211,Tuatapere,NZ,2021-09-07 19:29:11,-46.1333,167.6833,39.81,75,97,19.28
212,Naze,JP,2021-09-07 19:32:19,28.3667,129.4833,77.63,84,97,5.79
213,Esna,EG,2021-09-07 19:32:19,25.2934,32.554,89.62,15,0,15.01
214,Henties Bay,NA,2021-09-07 19:32:20,-22.116,14.2845,55.85,84,0,4.03
215,Kapaa,US,2021-09-07 19:32:20,22.0752,-159.319,82.72,69,40,3.0
216,Banda Aceh,ID,2021-09-07 19:32:20,5.5577,95.3222,79.57,82,22,10.4
217,Cabo San Lucas,MX,2021-09-07 19:32:21,22.8909,-109.9124,91.51,66,40,6.91
218,Iquique,CL,2021-09-07 19:32:21,-20.2208,-70.1431,62.64,76,100,11.36
219,Digha,IN,2021-09-07 19:32:21,21.6833,87.55,82.02,83,100,12.57
220,Kuah,MY,2021-09-07 19:32:22,6.3265,99.8432,82.38,83,20,0.0
221,Kavaratti,IN,2021-09-07 19:29:56,10.5669,72.642,81.52,81,62,18.92
222,Cartagena,CO,2021-09-07 19:32:22,10.3997,-75.5144,85.62,74,75,6.91
223,Kalaleh,IR,2021-09-07 19:32:22,37.3807,55.4916,75.11,77,94,8.37
224,Koshurnikovo,RU,2021-09-07 19:32:22,54.1667,93.3,41.38,82,0,3.0
225,Upernavik,GL,2021-09-07 19:30:15,72.7868,-56.1549,34.95,59,100,7.74
226,Aksu,CN,2021-09-07 19:32:23,41.1231,80.2644,75.2,24,0,2.91
227,Ponta Do Sol,PT,2021-09-07 19:28:22,32.6667,-17.1,78.71,78,22,5.95
228,Saint-Augustin,CA,2021-09-07 19:32:23,51.226,-58.6502,57.61,95,100,11.68
229,Esperance,AU,2021-09-07 19:32:23,-33.8667,121.9,55.24,33,6,18.81
230,San Luis,AR,2021-09-07 19:31:32,-33.295,-66.3356,45.9,82,100,22.44
231,Kericho,KE,2021-09-07 19:32:24,-0.3677,35.2831,56.34,96,6,4.05
232,Santa Fe,AR,2021-09-07 19:29:13,-31.6333,-60.7,63.01,95,100,5.99
233,Isangel,VU,2021-09-07 19:32:24,-19.55,169.2667,69.91,83,80,14.97
234,Chuy,UY,2021-09-07 19:32:24,-33.6971,-53.4616,56.5,95,100,19.19
235,Kununurra,AU,2021-09-07 19:32:25,-15.7667,128.7333,67.98,30,40,4.61
236,Port Hedland,AU,2021-09-07 19:31:28,-20.3167,118.5667,62.65,17,2,9.22
237,Lorengau,PG,2021-09-07 19:32:25,-2.0226,147.2712,78.87,81,69,3.38
238,Pacific Grove,US,2021-09-07 19:32:25,36.6177,-121.9166,94.15,81,1,5.01
239,Jinxiang,CN,2021-09-07 19:32:26,27.4327,120.6062,78.28,88,100,3.78
240,High Level,CA,2021-09-07 19:32:26,58.5169,-117.136,66.31,48,20,3.44
241,Mackenzie,CA,2021-09-07 19:32:26,55.2999,-123.1698,62.82,51,1,10.36
242,Torbay,CA,2021-09-07 19:29:45,47.6666,-52.7314,64.27,96,90,25.32
243,Santa Juliana,PH,2021-09-07 19:32:27,15.3283,120.4286,75.34,91,100,2.39
244,Gallup,US,2021-09-07 19:29:34,35.5281,-108.7426,88.56,13,1,4.0
245,Aswan,EG,2021-09-07 19:32:27,24.0934,32.907,96.1,14,0,11.5
246,Popondetta,PG,2021-09-07 19:32:27,-8.7537,148.2534,71.91,97,100,2.21
247,Caravelas,BR,2021-09-07 19:32:28,-17.7125,-39.2481,74.79,85,51,9.84
248,Eyrarbakki,IS,2021-09-07 19:32:28,63.863,-21.1481,52.21,79,55,7.56
249,Redcliffe,AU,2021-09-07 19:32:28,-27.2307,153.0973,56.14,54,0,9.22
250,Dalvik,IS,2021-09-07 19:32:28,65.9702,-18.5286,48.13,78,98,4.25
251,Nizhniy Kuranakh,RU,2021-09-07 19:32:29,58.8353,125.4869,48.85,98,100,2.51
252,Nuevo Casas Grandes,MX,2021-09-07 19:31:34,30.4167,-107.9167,84.74,43,0,7.0
253,Bairiki,KI,2021-09-07 19:32:29,1.3292,172.9752,82.4,74,75,13.8
254,Deputatskiy,RU,2021-09-07 19:32:29,69.3,139.9,26.35,84,76,10.13
255,Vanavara,RU,2021-09-07 19:32:30,60.34,102.2797,41.63,97,100,2.46
256,Pevek,RU,2021-09-07 19:29:53,69.7008,170.3133,31.35,95,100,12.48
257,Copiapo,CL,2021-09-07 19:32:14,-27.3667,-70.3333,58.69,31,0,7.96
258,Bumba,CD,2021-09-07 19:32:30,2.1833,22.4667,69.26,98,100,3.27
259,Kindu,CD,2021-09-07 19:32:30,-2.95,25.95,70.25,95,98,3.24
260,Walvis Bay,NA,2021-09-07 19:32:31,-22.9575,14.5053,56.08,82,0,8.05
261,Waw,SS,2021-09-07 19:30:06,7.7029,27.9953,70.47,97,28,4.27
262,Katsuura,JP,2021-09-07 19:32:31,35.1333,140.3,66.31,72,100,6.04
263,Lagoa,PT,2021-09-07 19:32:31,39.05,-27.9833,70.41,76,100,6.71
264,Sharjah,AE,2021-09-07 19:27:36,25.3573,55.4033,93.18,70,6,0.0
265,Mattawa,US,2021-09-07 19:32:32,46.7379,-119.9028,85.71,21,57,3.8
266,Wamba,NG,2021-09-07 19:32:32,8.9333,8.6,71.33,89,86,2.68
267,Coromandel,BR,2021-09-07 19:32:32,-18.4733,-47.2003,90.48,19,6,6.22
268,Comodoro Rivadavia,AR,2021-09-07 19:32:33,-45.8667,-67.5,60.66,41,0,8.05
269,Airai,TL,2021-09-07 19:32:33,-8.9266,125.4092,55.2,88,99,4.16
270,Kyenjojo,UG,2021-09-07 19:32:33,0.6328,30.6214,61.68,96,100,2.44
271,Ornskoldsvik,SE,2021-09-07 19:32:33,63.2909,18.7153,59.95,88,90,13.8
272,Guanica,PR,2021-09-07 19:32:34,17.9716,-66.908,90.43,69,27,8.99
273,Ziebice,PL,2021-09-07 19:32:34,50.6012,17.0406,61.75,82,57,2.55
274,Atar,MR,2021-09-07 19:32:34,20.5169,-13.0499,101.61,18,61,11.41
275,Taoudenni,ML,2021-09-07 19:32:35,22.6783,-3.9836,104.56,8,3,10.07
276,Tshikapa,CD,2021-09-07 19:32:35,-6.4167,20.8,83.88,41,100,6.22
277,Bustamante,MX,2021-09-07 19:32:35,26.5333,-100.5,97.21,26,100,11.36
278,Nyurba,RU,2021-09-07 19:32:36,63.2842,118.3319,43.9,88,100,4.7
279,Solnechnyy,RU,2021-09-07 19:32:36,50.7214,136.6319,58.01,81,100,4.16
280,Sakaiminato,JP,2021-09-07 19:32:36,35.55,133.2333,76.98,78,90,10.36
281,Wladyslawowo,PL,2021-09-07 19:32:37,54.7909,18.4009,59.94,61,38,7.49
282,Pestretsy,RU,2021-09-07 19:32:37,55.7531,49.6545,46.54,76,94,9.42
283,Oliveira Do Hospital,PT,2021-09-07 19:32:37,40.3618,-7.8601,65.23,81,27,3.06
284,Juegang,CN,2021-09-07 19:32:38,32.3174,121.1855,72.39,78,84,4.14
285,Debre Birhan,ET,2021-09-07 19:32:38,9.6833,39.5333,51.44,86,7,3.8
286,Kenai,US,2021-09-07 19:29:45,60.5544,-151.2583,57.02,75,1,0.0
287,Nova Vicosa,BR,2021-09-07 19:30:01,-17.8919,-39.3719,74.73,85,37,13.18
288,Gigmoto,PH,2021-09-07 19:32:38,13.7796,124.39,79.99,84,100,7.02
289,Petropavlovsk-Kamchatskiy,RU,2021-09-07 19:32:39,53.0452,158.6483,41.59,100,33,6.71
290,Provideniya,RU,2021-09-07 19:32:39,64.3833,-173.3,37.51,81,90,13.42
291,Russell,US,2021-09-07 19:32:39,32.3502,-85.1999,93.9,54,1,0.0
292,Singaparna,ID,2021-09-07 19:32:39,-7.3515,108.111,69.91,95,86,1.79
293,Rio Gallegos,AR,2021-09-07 19:29:36,-51.6226,-69.2181,57.25,44,0,11.5
294,Coos Bay,US,2021-09-07 19:32:40,43.3665,-124.2179,79.0,72,20,9.22
295,Kichmengskiy Gorodok,RU,2021-09-07 19:32:40,59.9816,45.7854,46.53,97,100,8.19
296,Ahipara,NZ,2021-09-07 19:32:40,-35.1667,173.1667,53.47,90,67,20.71
297,Concepcion Del Oro,MX,2021-09-07 19:32:41,24.6333,-101.4167,75.09,26,99,6.82
298,Ossora,RU,2021-09-07 19:32:41,59.2353,163.0719,46.44,79,100,12.68
299,Samarai,PG,2021-09-07 19:28:29,-10.6167,150.6667,78.04,77,100,20.49
300,Tabuk,PH,2021-09-07 19:32:41,17.4189,121.4443,74.03,93,97,2.71
301,Sioux Lookout,CA,2021-09-07 19:32:42,50.1001,-91.917,62.98,88,90,17.27
302,Lavrentiya,RU,2021-09-07 19:28:34,65.5833,-171.0,37.36,96,100,14.45
303,Ilulissat,GL,2021-09-07 19:32:42,69.2167,-51.1,35.62,75,75,9.22
304,Chaplynka,UA,2021-09-07 19:32:42,46.3651,33.5403,54.54,42,0,8.01
305,Krasnyy Chikoy,RU,2021-09-07 19:32:43,50.3643,108.7512,35.58,95,100,5.32
306,Geraldton,AU,2021-09-07 19:32:43,-28.7667,114.6,54.01,82,1,12.66
307,Coquimbo,CL,2021-09-07 19:28:57,-29.9533,-71.3436,62.33,51,0,12.66
308,Hervey Bay,AU,2021-09-07 19:32:43,-25.2986,152.8535,54.03,76,0,10.02
309,Diamantino,BR,2021-09-07 19:32:44,-14.4086,-56.4461,102.6,18,9,9.13
310,Santa Rita,BR,2021-09-07 19:32:44,-7.1139,-34.9781,83.07,65,20,13.8
311,Faya,SA,2021-09-07 19:32:44,18.3851,42.4509,77.11,22,97,2.89
312,Paita,PE,2021-09-07 19:32:45,-5.0892,-81.1144,75.76,74,71,17.92
313,Hovd,MN,2021-09-07 19:31:52,48.0056,91.6419,58.71,41,6,3.06
314,Aguimes,ES,2021-09-07 19:32:45,27.9054,-15.4461,75.83,72,20,26.46
315,Prince Rupert,CA,2021-09-07 19:32:45,54.3161,-130.3201,59.09,82,90,17.27
316,Kholuy,RU,2021-09-07 19:32:46,56.575,41.8692,49.51,94,100,9.19
317,Rio Bananal,BR,2021-09-07 19:32:46,-19.265,-40.3333,75.67,64,49,9.84
318,Toktogul,KG,2021-09-07 19:32:46,41.8708,72.9402,72.03,32,0,1.01
319,Waingapu,ID,2021-09-07 19:32:46,-9.6567,120.2641,75.88,75,61,14.25
320,Jardim,BR,2021-09-07 19:28:46,-21.4803,-56.1381,103.96,13,0,14.29
321,Boa Vista,BR,2021-09-07 19:32:47,2.8197,-60.6733,93.18,38,75,8.05
322,Dubbo,AU,2021-09-07 19:28:31,-32.25,148.6167,35.73,100,0,5.75
323,Newport,GB,2021-09-07 19:31:29,51.5877,-2.9984,75.18,68,63,8.34
324,Gubbio,IT,2021-09-07 19:32:47,43.3545,12.5725,67.96,47,100,4.59
325,Naberera,TZ,2021-09-07 19:32:47,-4.2,36.9333,61.59,71,41,9.51
326,Verkhnevilyuysk,RU,2021-09-07 19:31:08,63.4453,120.3167,43.2,83,100,3.31
327,Milkovo,RU,2021-09-07 19:32:48,54.7167,158.6167,46.99,88,67,2.95
328,Teya,RU,2021-09-07 19:32:48,60.3778,92.6267,45.21,90,16,2.26
329,Yulara,AU,2021-09-07 19:32:48,-25.2406,130.9889,49.84,43,0,6.91
330,Anapskaya,RU,2021-09-07 19:32:48,44.89,37.38,55.63,58,0,8.95
331,Anadyr,RU,2021-09-07 19:32:49,64.75,177.4833,39.7,93,75,8.95
332,Abashiri,JP,2021-09-07 19:32:49,44.0213,144.2697,58.08,88,100,11.3
333,Vzmorye,RU,2021-09-07 19:32:49,54.6961,20.2361,57.29,61,71,7.63
334,Terrace,CA,2021-09-07 19:30:49,54.5163,-128.6035,62.51,82,75,17.27
335,Severo-Kurilsk,RU,2021-09-07 19:32:50,50.6789,156.125,50.88,80,9,13.2
336,Riyadh,SA,2021-09-07 19:32:50,24.6877,46.7219,96.94,12,2,9.48
337,Rocha,UY,2021-09-07 19:32:50,-34.4833,-54.3333,55.56,93,100,19.3
338,Presidencia Roque Saenz Pena,AR,2021-09-07 19:32:50,-26.7852,-60.4388,80.08,57,100,17.45
339,Kaeo,NZ,2021-09-07 19:32:51,-35.1,173.7833,48.33,96,6,15.75
340,Sistranda,NO,2021-09-07 19:32:51,63.7256,8.834,57.16,92,100,38.63
341,Gambela,ET,2021-09-07 19:32:51,8.25,34.5833,70.54,93,80,2.91
342,Malakal,SS,2021-09-07 19:32:52,9.5334,31.6605,74.82,82,49,3.71
343,Sambava,MG,2021-09-07 19:32:52,-14.2667,50.1667,69.15,83,49,10.45
344,Marzuq,YE,2021-09-07 19:32:52,14.4,46.4667,82.22,53,79,2.13
345,Ambilobe,MG,2021-09-07 19:32:52,-13.2,49.05,70.36,64,32,5.26
346,Los Llanos De Aridane,ES,2021-09-07 19:32:53,28.6585,-17.9182,74.95,92,75,11.5
347,Pozega,HR,2021-09-07 19:32:53,45.3403,17.6853,58.62,51,100,4.38
348,Houma,US,2021-09-07 19:32:53,29.5958,-90.7195,91.4,64,75,10.36
349,Hendek,TR,2021-09-07 19:32:53,40.7994,30.7481,61.12,81,4,2.33
350,West Wendover,US,2021-09-07 19:32:54,40.7391,-114.0733,83.41,11,1,5.75
351,Novyy Urengoy,RU,2021-09-07 19:32:54,66.0833,76.6333,43.38,95,70,10.47
352,Tokonou,GN,2021-09-07 19:32:54,9.65,-9.7833,71.06,91,72,2.71
353,Roald,NO,2021-09-07 19:32:54,62.5833,6.1333,65.12,88,75,19.57
354,Abnub,EG,2021-09-07 19:32:55,27.2696,31.1511,88.02,30,1,12.06
355,Gamboma,CG,2021-09-07 19:32:55,-1.8764,15.8644,76.8,73,46,3.36
356,Schrobenhausen,DE,2021-09-07 19:32:55,48.55,11.2667,61.5,82,75,2.3
357,Ocos,GT,2021-09-07 19:32:56,14.5094,-92.1933,89.91,76,97,3.53
358,Porto Novo,BJ,2021-09-07 19:29:06,6.4965,2.6036,78.62,86,100,4.79
359,Taguatinga,BR,2021-09-07 19:32:56,-12.3857,-46.5711,99.59,15,83,2.46
360,Gamba,GA,2021-09-07 19:32:56,-2.65,10.0,75.27,84,74,6.4
361,Carson City,US,2021-09-07 19:30:16,39.1638,-119.7674,94.3,15,1,3.0
362,Chernyshevskiy,RU,2021-09-07 19:32:26,63.0128,112.4714,43.14,77,100,4.5
363,Klaksvik,FO,2021-09-07 19:32:57,62.2266,-6.589,54.52,98,100,7.14
364,Andra,RU,2021-09-07 19:32:57,62.5147,65.8878,36.07,84,22,5.73
365,Diu,IN,2021-09-07 19:32:57,20.7141,70.9822,79.09,92,100,9.55
366,Puerto Narino,CO,2021-09-07 19:32:58,-3.7703,-70.3831,82.35,53,85,1.45
367,Najran,SA,2021-09-07 19:32:58,17.4924,44.1277,84.85,16,65,1.79
368,Merauke,ID,2021-09-07 19:32:58,-8.4667,140.3333,76.03,73,98,16.15
369,Takoradi,GH,2021-09-07 19:32:59,4.8845,-1.7554,76.44,89,48,7.49
370,Moses Lake,US,2021-09-07 19:29:43,47.1301,-119.2781,84.29,21,1,0.0
371,Ajdabiya,LY,2021-09-07 19:32:59,30.7554,20.2263,81.43,46,0,16.89
372,Sinnamary,GF,2021-09-07 19:32:14,5.3833,-52.95,82.98,71,60,6.91
373,Hithadhoo,MV,2021-09-07 19:29:30,-0.6,73.0833,83.28,70,100,8.32
374,Kaabong,UG,2021-09-07 19:32:59,3.4836,34.1492,69.62,54,11,8.03
375,Namatanai,PG,2021-09-07 19:33:00,-3.6667,152.4333,76.35,89,100,6.55
376,Keetmanshoop,NA,2021-09-07 19:33:00,-26.5833,18.1333,58.12,13,0,8.05
377,Padang,ID,2021-09-07 19:33:00,-0.9492,100.3543,75.54,88,100,2.3
378,Turukhansk,RU,2021-09-07 19:33:01,65.8167,87.9833,47.43,62,100,8.34
379,Kaberamaido,UG,2021-09-07 19:33:01,1.7389,33.1594,70.18,82,46,5.91
380,Grand Gaube,MU,2021-09-07 19:33:01,-20.0064,57.6608,70.38,70,61,5.99
381,Alofi,NU,2021-09-07 19:33:02,-19.0595,-169.9187,76.89,94,40,5.75
382,Keflavik,IS,2021-09-07 19:33:02,64.0049,-22.5624,52.23,87,20,16.11
383,San Cristobal,VE,2021-09-07 19:31:12,7.7669,-72.225,80.78,88,100,3.67
384,Inhambane,MZ,2021-09-07 19:33:03,-23.865,35.3833,71.58,94,20,3.44
385,Saint Anthony,US,2021-09-07 19:30:18,45.0205,-93.218,79.9,39,1,10.0
386,Port-Gentil,GA,2021-09-07 19:33:03,-0.7193,8.7815,76.96,83,40,9.22
387,Puerto Padre,CU,2021-09-07 19:33:03,21.195,-76.6028,96.01,55,12,13.0
388,Annau,TM,2021-09-07 19:33:04,37.8876,58.516,85.5,45,0,13.8
389,Christchurch,NZ,2021-09-07 19:28:23,-43.5333,172.6333,46.99,78,100,11.5
390,Ghanzi,BW,2021-09-07 19:33:04,-21.5667,21.7833,66.09,15,3,9.08
391,Ostrovnoy,RU,2021-09-07 19:33:04,68.0531,39.5131,36.0,83,12,8.9
392,Miguel Alves,BR,2021-09-07 19:33:05,-4.1656,-42.8953,99.54,24,40,1.77
393,Qianguo,CN,2021-09-07 19:33:05,45.1171,124.8568,55.08,89,0,4.18
394,Aksha,RU,2021-09-07 19:33:05,50.2814,113.2867,35.98,82,88,4.05
395,Lata,PT,2021-09-07 19:31:40,40.1629,-8.3327,70.21,91,4,2.08
396,Palora,EC,2021-09-07 19:33:06,-1.7,-77.9333,80.71,48,52,4.09
397,Bam,IR,2021-09-07 19:33:06,29.106,58.357,87.21,9,3,8.95
398,Muzhi,RU,2021-09-07 19:33:06,65.3667,64.6667,38.21,87,95,9.42
399,Garissa,KE,2021-09-07 19:33:07,-0.4536,39.6401,77.7,61,95,19.77
400,Tiksi,RU,2021-09-07 19:33:07,71.6872,128.8694,36.28,67,100,10.18
401,Porlamar,VE,2021-09-07 19:33:07,10.958,-63.8491,98.69,49,97,16.11
402,Murgab,TM,2021-09-07 19:33:08,37.4966,61.9714,78.67,36,0,4.61
403,Lexington,US,2021-09-07 19:28:33,37.9887,-84.4777,85.89,40,1,1.01
404,Hamilton,US,2021-09-07 19:29:07,39.1834,-84.5333,87.62,48,1,3.0
405,Rajkot,IN,2021-09-07 19:33:08,22.3,70.7833,80.06,87,100,8.39
406,San Fernando,PH,2021-09-07 19:33:08,15.0286,120.6898,77.09,95,100,5.35
407,Asau,RO,2021-09-07 19:33:09,46.4333,26.4,54.52,92,0,3.24
408,Santiago,CL,2021-09-07 19:30:00,-33.4569,-70.6483,56.64,47,40,4.61
409,Darnah,LY,2021-09-07 19:33:09,32.767,22.6367,75.81,71,5,10.42
410,Mount Vernon,US,2021-09-07 19:33:09,40.9126,-73.8371,84.02,46,20,5.01
411,Mount Gambier,AU,2021-09-07 19:33:10,-37.8333,140.7667,42.71,93,25,8.05
412,Jati,PK,2021-09-07 19:33:10,24.3539,68.2671,83.59,77,99,13.31
413,Ayna,PE,2021-09-07 19:33:10,-12.65,-73.9167,81.1,48,66,5.14
414,Bikaner,IN,2021-09-07 19:33:11,28.0167,73.3,88.02,63,35,8.86
415,Mitsamiouli,KM,2021-09-07 19:33:11,-11.3847,43.2844,77.5,72,4,7.92
416,Ancud,CL,2021-09-07 19:30:31,-41.8697,-73.8203,57.42,67,100,6.49
417,Forestville,US,2021-09-07 19:33:11,38.8451,-76.875,89.2,45,1,13.8
418,Great Bend,US,2021-09-07 19:33:12,38.3645,-98.7648,89.89,47,1,10.0
419,Pangnirtung,CA,2021-09-07 19:33:12,66.1451,-65.7125,39.2,75,20,16.11
420,Skibbereen,IE,2021-09-07 19:33:12,51.55,-9.2667,67.8,80,100,14.94
421,Yumen,CN,2021-09-07 19:33:13,40.2833,97.2,69.28,17,0,13.15
422,Nelson Bay,AU,2021-09-07 19:33:13,-32.7167,152.15,57.0,89,100,4.7
423,Baoning,CN,2021-09-07 19:33:13,25.3378,110.026,76.86,88,20,4.47
424,Aykhal,RU,2021-09-07 19:33:14,66.0,111.5,43.74,53,29,0.87
425,Itupiranga,BR,2021-09-07 19:33:14,-5.1347,-49.3267,91.72,54,82,2.42
426,Dudinka,RU,2021-09-07 19:33:14,69.4058,86.1778,46.4,70,100,9.08
427,Cuiluan,CN,2021-09-07 19:33:15,47.72,128.648,56.55,98,100,2.86
428,Lixourion,GR,2021-09-07 19:33:15,38.2019,20.4314,77.0,44,20,5.75
429,Jackson,US,2021-09-07 19:30:33,42.4165,-122.8345,88.84,31,20,0.0
430,San Jose,US,2021-09-07 19:33:15,37.3394,-121.895,100.27,37,20,6.91
431,Baiyin,CN,2021-09-07 19:33:15,36.5583,104.2081,54.48,31,1,2.71
432,Gravdal,NO,2021-09-07 19:33:16,68.1214,13.5031,49.89,93,40,2.3
433,Acapulco,MX,2021-09-07 19:32:34,16.8634,-99.8901,85.82,70,1,8.05
434,Sinegorye,RU,2021-09-07 19:33:16,62.0788,150.477,32.31,92,96,4.83
435,Princeton,US,2021-09-07 19:33:16,25.5384,-80.4089,91.0,75,75,4.61
436,Trzebiatow,PL,2021-09-07 19:33:16,54.0615,15.2648,59.27,69,10,2.19
437,Jalu,LY,2021-09-07 19:33:17,29.0331,21.5482,82.36,43,0,13.53
438,Zatyshshya,UA,2021-09-07 19:33:17,47.3335,29.8733,53.74,42,0,5.32
439,Hobyo,SO,2021-09-07 19:33:17,5.3505,48.5268,77.58,82,100,27.29
440,Parainen,FI,2021-09-07 19:33:18,60.3067,22.301,57.65,86,100,15.9
441,Haines Junction,CA,2021-09-07 19:33:18,60.7522,-137.5108,55.35,62,8,1.14
442,Adamovka,RU,2021-09-07 19:33:18,51.5223,59.9396,52.09,62,100,8.14
443,Lebowakgomo,ZA,2021-09-07 19:33:18,-24.2,29.5,61.7,80,1,7.58
444,Ciudad Bolivar,VE,2021-09-07 19:33:19,8.1222,-63.5497,93.33,42,66,9.66
445,Beringovskiy,RU,2021-09-07 19:33:19,63.05,179.3167,43.77,71,90,2.15
446,Bachhraon,IN,2021-09-07 19:33:19,28.9333,78.2167,79.5,85,52,6.91
447,Chara,RU,2021-09-07 19:33:20,56.9064,118.2631,43.83,95,100,1.86
448,Pimentel,PE,2021-09-07 19:33:20,-6.8367,-79.9342,71.89,60,0,19.57
449,Barsovo,RU,2021-09-07 19:33:20,61.1667,73.1667,41.13,94,22,5.37
450,Krasnoselkup,RU,2021-09-07 19:33:21,65.7,82.4667,48.6,63,100,8.01
451,Aasiaat,GL,2021-09-07 19:33:21,68.7098,-52.8699,35.91,68,96,6.08
452,Plastun,RU,2021-09-07 19:33:21,44.7561,136.2939,59.09,90,100,3.89
453,Kasangulu,CD,2021-09-07 19:33:21,-4.5911,15.1708,83.41,40,66,2.93
454,Pombia,IT,2021-09-07 19:33:22,45.653,8.6336,76.14,69,0,2.3
455,Nanortalik,GL,2021-09-07 19:33:22,60.1432,-45.2371,45.66,61,24,9.33
456,Catumbela,AO,2021-09-07 19:33:22,-12.4314,13.5472,72.37,84,89,5.86
457,Abu Samrah,SY,2021-09-07 19:31:02,35.3029,37.1841,74.59,61,0,10.54
458,Iralaya,HN,2021-09-07 19:33:23,15.0,-83.2333,87.89,75,17,9.57
459,Le Vauclin,MQ,2021-09-07 19:33:23,14.5452,-60.8388,87.93,62,90,8.05
460,Kruisfontein,ZA,2021-09-07 19:33:23,-34.0033,24.7314,53.89,73,5,4.94
461,Sakakah,SA,2021-09-07 19:33:24,29.9697,40.2064,90.97,22,0,9.22
462,Linxia,CN,2021-09-07 19:30:15,35.6003,103.2064,56.52,55,0,5.19
463,Huanan,CN,2021-09-07 19:33:24,46.2167,130.5167,56.79,93,100,8.79
464,Sao Felix Do Xingu,BR,2021-09-07 19:33:24,-6.6447,-51.995,96.31,31,70,3.98
465,Aleksandrovsk-Sakhalinskiy,RU,2021-09-07 19:33:25,50.8975,142.1561,56.86,86,100,13.0
466,Batemans Bay,AU,2021-09-07 19:30:11,-35.7167,150.1833,43.92,88,0,3.4
467,Las Vegas,US,2021-09-07 19:32:59,36.175,-115.1372,107.55,16,1,0.0
468,Adre,TD,2021-09-07 19:33:25,13.4667,22.2,72.05,83,93,9.46
469,Villa Rica,US,2021-09-07 19:33:25,33.7321,-84.9191,84.79,83,100,5.91
470,Simpang,ID,2021-09-07 19:33:26,-1.2667,104.0833,73.56,97,100,2.13
471,Vernon,CA,2021-09-07 19:33:14,50.2581,-119.2691,77.81,33,0,2.3
472,Sayyan,YE,2021-09-07 19:33:26,15.1718,44.3244,68.45,28,57,10.29
473,Belmonte,BR,2021-09-07 19:31:16,-15.8631,-38.8828,79.3,75,9,7.02
474,Trussville,US,2021-09-07 19:33:18,33.6198,-86.6089,87.3,73,75,1.01
475,Jibuti,DJ,2021-09-07 19:33:26,11.5,42.5,89.02,39,32,3.02
476,Palauig,PH,2021-09-07 19:33:27,15.435,119.9045,80.71,81,100,6.53
477,Kaputa,ZM,2021-09-07 19:33:27,-8.4689,29.6619,76.51,38,4,3.76
478,Half Moon Bay,US,2021-09-07 19:32:08,37.4636,-122.4286,95.92,67,1,5.75
479,General Nakar,PH,2021-09-07 19:33:27,14.7631,121.635,79.52,92,100,16.26
480,Nynashamn,SE,2021-09-07 19:33:27,58.9034,17.9479,61.02,83,100,13.42
481,Bandarbeyla,SO,2021-09-07 19:32:28,9.4942,50.8122,77.14,83,85,27.6
482,Odweyne,SO,2021-09-07 19:33:28,9.4092,45.064,79.61,48,72,14.7
483,Azare,NG,2021-09-07 19:33:28,11.6765,10.1948,74.71,78,4,6.76
484,La Ronge,CA,2021-09-07 19:33:28,55.1001,-105.2842,66.45,55,75,11.5
485,Jijiga,ET,2021-09-07 19:33:29,9.35,42.8,67.93,72,90,7.16
486,Manitouwadge,CA,2021-09-07 19:33:29,49.1215,-85.8403,61.52,96,100,8.7
487,Guadix,ES,2021-09-07 19:33:29,37.2993,-3.1392,85.35,35,31,3.42
488,Kaa-Khem,RU,2021-09-07 19:33:30,51.6833,94.7333,53.51,60,0,4.45
489,Constitucion,CL,2021-09-07 19:29:46,-35.3333,-72.4167,55.33,63,7,7.49
490,Virginia Beach,US,2021-09-07 19:28:51,36.8529,-75.978,88.09,47,40,1.99
491,Tuy Hoa,VN,2021-09-07 19:30:35,13.0833,109.3,76.08,92,99,2.51
492,Batagay,RU,2021-09-07 19:33:30,67.6333,134.6333,28.33,91,11,4.94
493,Halifax,CA,2021-09-07 19:29:10,44.6453,-63.5724,74.68,60,20,1.01
494,East Hemet,US,2021-09-07 19:31:32,33.74,-116.9389,104.76,34,0,1.01
495,Bellmead,US,2021-09-07 19:33:30,31.594,-97.1089,94.06,48,40,0.0
496,Iquitos,PE,2021-09-07 19:33:31,-3.7481,-73.2472,87.84,70,40,5.75
497,Kumano,JP,2021-09-07 19:33:31,34.3442,132.5894,72.52,93,100,2.44
498,Fukue,JP,2021-09-07 19:33:31,32.6881,128.8419,77.05,83,88,12.97
499,Sola,VU,2021-09-07 19:33:32,-13.8833,167.55,77.86,78,75,20.65
500,Iskateley,RU,2021-09-07 19:33:32,67.6803,53.1512,41.2,94,100,16.31
501,Asfi,MA,2021-09-07 19:33:32,32.2994,-9.2372,72.43,86,3,10.51
502,Isiro,CD,2021-09-07 19:33:33,2.7739,27.616,65.8,100,96,2.46
503,Shellbrook,CA,2021-09-07 19:33:33,53.2168,-106.4011,70.83,35,7,15.75
504,Alamosa,US,2021-09-07 19:29:53,37.4695,-105.87,86.67,13,1,4.61
505,Gazli,UZ,2021-09-07 19:33:33,40.1333,63.45,84.72,17,0,9.48
506,Tselinnoye,RU,2021-09-07 19:33:34,53.0833,85.6667,55.83,64,88,3.74
507,Gat,IL,2021-09-07 19:32:30,31.61,34.7642,78.82,70,0,3.27
508,Banjar,ID,2021-09-07 19:33:34,-8.19,114.9675,80.46,91,24,5.08
509,Sibolga,ID,2021-09-07 19:33:34,1.7427,98.7792,76.23,90,98,1.9
510,Roma,US,2021-09-07 19:33:34,43.2128,-75.4557,78.84,52,75,9.22
511,Nelson,NZ,2021-09-07 19:33:35,-41.2833,173.2833,47.28,88,97,1.01
512,Guaratinga,BR,2021-09-07 19:33:35,-16.5667,-39.5667,77.67,70,89,7.02
513,Bay-Khaak,RU,2021-09-07 19:33:35,51.1667,94.5,53.83,66,2,2.55
514,Lakes Entrance,AU,2021-09-07 19:33:36,-37.8811,147.981,41.16,91,11,8.19
515,Saint-Francois,FR,2021-09-07 19:33:36,46.4154,3.9054,74.64,57,0,6.91
516,Cap-Aux-Meules,CA,2021-09-07 19:33:36,47.3821,-61.8597,66.25,77,20,23.02
517,Cayenne,GF,2021-09-07 19:33:37,4.9333,-52.3333,87.84,78,40,1.99
518,Dakar,SN,2021-09-07 19:28:55,14.6937,-17.4441,84.33,70,20,6.91
519,Zhovtneve,UA,2021-09-07 19:33:37,50.6637,24.2492,52.97,62,47,1.16
520,Mount Pleasant,US,2021-09-07 19:33:37,32.7941,-79.8626,91.06,82,90,1.01
521,Suntar,RU,2021-09-07 19:33:38,62.1444,117.6319,51.93,98,100,3.42
522,Tungi,BD,2021-09-07 19:31:09,23.89,90.4058,84.2,74,75,3.44
523,Bocas Del Toro,PA,2021-09-07 19:33:38,9.3333,-82.25,81.07,77,100,9.31
524,Oranjestad,AW,2021-09-07 19:33:38,12.524,-70.027,87.75,70,75,14.97
525,Havoysund,NO,2021-09-07 19:33:39,70.9963,24.6622,45.48,81,70,12.55
526,Faanui,PF,2021-09-07 19:33:39,-16.4833,-151.75,79.52,73,7,18.14
527,Celestun,MX,2021-09-07 19:33:39,20.8667,-90.4,85.78,67,100,9.86
528,Makakilo City,US,2021-09-07 19:33:39,21.3469,-158.0858,82.72,61,1,8.05
529,Majene,ID,2021-09-07 19:33:40,-3.5403,118.9707,76.44,86,100,13.24
530,Dubti,ET,2021-09-07 19:33:40,11.7361,41.0853,94.96,35,3,5.82
531,Anzio,IT,2021-09-07 19:33:40,41.4853,12.6179,76.35,74,100,6.02
532,Porto Seguro,BR,2021-09-07 19:33:41,-16.4497,-39.0647,79.32,78,20,8.05
533,Uddevalla,SE,2021-09-07 19:33:41,58.3478,11.9424,61.18,90,33,5.01
534,Quatre Cocos,MU,2021-09-07 19:32:38,-20.2078,57.7625,70.09,67,24,15.52
535,Beyneu,KZ,2021-09-07 19:29:50,45.3167,55.2,63.79,43,80,12.26
536,Mbala,ZM,2021-09-07 19:33:41,-8.8402,31.3659,71.67,39,97,2.21
537,Uige,AO,2021-09-07 19:33:42,-7.6087,15.0613,75.15,65,65,2.28
538,Oxelosund,SE,2021-09-07 19:33:42,58.6706,17.1015,62.53,82,0,13.8
539,Valle De Juarez,MX,2021-09-07 19:33:42,19.9333,-102.9333,68.56,73,99,3.04
540,Bilma,NE,2021-09-07 19:33:43,18.6853,12.9164,94.62,28,33,7.27
541,Kletnya,RU,2021-09-07 19:33:43,53.3897,33.2171,48.36,82,75,6.08
542,Talnakh,RU,2021-09-07 19:33:43,69.4865,88.3972,46.54,73,100,7.11
543,Zhangye,CN,2021-09-07 19:33:44,38.9342,100.4517,65.52,25,0,5.82
544,Labelle,US,2021-09-07 19:33:44,26.7617,-81.4384,92.98,44,95,2.08
545,Montepuez,MZ,2021-09-07 19:33:44,-13.1256,38.9997,68.97,70,21,7.54
546,Nova Olimpia,BR,2021-09-07 19:33:45,-14.7972,-57.2881,104.74,17,6,10.22
547,Champerico,GT,2021-09-07 19:33:45,14.3,-91.9167,89.94,76,98,4.81
548,Destin,US,2021-09-07 19:31:59,30.3935,-86.4958,91.53,68,1,5.75
549,Chifeng,CN,2021-09-07 19:33:45,42.2683,118.9636,57.27,83,43,3.69
550,Alta Floresta,BR,2021-09-07 19:30:10,-9.8756,-56.0861,96.62,41,40,4.61
551,Fredericksburg,US,2021-09-07 19:30:43,38.3032,-77.4605,90.23,40,1,1.99
552,Black River,JM,2021-09-07 19:33:46,18.0264,-77.8487,88.99,67,12,8.68
553,Parkes,AU,2021-09-07 19:33:46,-33.1333,148.1833,39.49,93,0,3.42
554,Tiarei,PF,2021-09-07 19:33:46,-17.5333,-149.3333,82.42,76,4,15.95
555,Kungurtug,RU,2021-09-07 19:33:46,50.5994,97.5228,41.04,85,3,1.9
556,Irbeyskoye,RU,2021-09-07 19:33:47,55.6428,95.4522,47.19,75,98,1.1
557,Puerto Quijarro,BO,2021-09-07 19:33:47,-17.7833,-57.7667,106.45,16,6,9.8
558,North Bend,US,2021-09-07 19:33:47,43.4065,-124.2243,78.93,72,20,9.22
559,Kudeyevskiy,RU,2021-09-07 19:33:48,54.8758,56.7567,40.23,86,86,5.32
